"#","Reference","Qty","Value","Footprint","DNP"
"1","C1, C4, C5, C8","4","1.5nF","Capacitor_SMD:C_0805_2012Metric_Pad1.18x1.45mm_HandSolder",""
"2","C2, C3, C6, C7, C10","5","220pF","Capacitor_SMD:C_0805_2012Metric_Pad1.18x1.45mm_HandSolder",""
"3","C9, C11, C12, C13, C16, C18, C20, C21, C23, C25, C28, C31, C34, C35, C37, C38, C40, C42, C43, C44, C45, C46, C47, C48, C49, C50, C51, C52, C53, C55, C56, C57, C58, C59, C60, C61, C64, C73, C74, C77, C78, C79, C80","43","100nF","Capacitor_SMD:C_0805_2012Metric_Pad1.18x1.45mm_HandSolder",""
"4","C14","1","1uF","Capacitor_SMD:C_1210_3225Metric_Pad1.33x2.70mm_HandSolder",""
"5","C15","1","22nF","Capacitor_SMD:C_0805_2012Metric_Pad1.18x1.45mm_HandSolder",""
"6","C17, C29","2","6.8pF","Capacitor_SMD:C_0805_2012Metric_Pad1.18x1.45mm_HandSolder",""
"7","C19, C22, C24, C26, C30, C36","6","10uF 10V","Capacitor_SMD:C_1210_3225Metric_Pad1.33x2.70mm_HandSolder",""
"8","C62, C63","2","22p","Capacitor_SMD:C_0805_2012Metric_Pad1.18x1.45mm_HandSolder",""
"9","C65","1","10uF","Capacitor_SMD:C_1210_3225Metric_Pad1.33x2.70mm_HandSolder",""
"10","C66, C67","2","22uF","Capacitor_SMD:C_1210_3225Metric_Pad1.33x2.70mm_HandSolder",""
"11","C68","1","68pF","Capacitor_SMD:C_1206_3216Metric_Pad1.33x1.80mm_HandSolder",""
"12","C69","1","470uF","Capacitor_SMD:CP_Elec_10x10",""
"13","C71","1","1nF","Capacitor_SMD:C_1206_3216Metric_Pad1.33x1.80mm_HandSolder",""
"14","C75","1","100uF","Capacitor_SMD:CP_Elec_8x10",""
"15","C76","1","1nF","Capacitor_SMD:C_0805_2012Metric_Pad1.18x1.45mm_HandSolder",""
"16","D1, D2","2","BAV99","Package_TO_SOT_SMD:SOT-23",""
"17","D3, D4, D6, D7","4","B5819W","Diode_SMD:D_SOD-123",""
"18","D5","1","3V9","Diode_SMD:D_SMA",""
"19","D8","1","QCA 7000","Package_DFN_QFN:QFN-68-1EP_8x8mm_P0.4mm_EP5.2x5.2mm_ThermalVias",""
"20","D9","1","PWR","LED_SMD:LED_0805_2012Metric_Pad1.15x1.40mm_HandSolder",""
"21","D10","1","ALIVE","LED_SMD:LED_0805_2012Metric_Pad1.15x1.40mm_HandSolder",""
"22","D11","1","STATEC","LED_SMD:LED_0805_2012Metric_Pad1.15x1.40mm_HandSolder",""
"23","D12","1","CONTACTOR1","LED_SMD:LED_0805_2012Metric_Pad1.15x1.40mm_HandSolder",""
"24","D13","1","SS54B-HF","Diode_SMD:D_SMB_Handsoldering",""
"25","D14","1","1N4148W","Diode_SMD:D_SOD-123",""
"26","D15","1","UARTTX","LED_SMD:LED_0805_2012Metric_Pad1.15x1.40mm_HandSolder",""
"27","H1","1","MountingHole","MountingHole:MountingHole_3.2mm_M3",""
"28","IC1","1","DRV8874QPWPRQ1","KiCad:SOP65P640X120-17N",""
"29","J1","1","Conn_01x04_Pin","Connector_PinHeader_2.54mm:PinHeader_1x04_P2.54mm_Vertical",""
"30","J2","1","Conn_01x08_Pin","Connector_PinHeader_2.54mm:PinHeader_1x08_P2.54mm_Vertical",""
"31","J4","1","DEBUG","Connector_PinHeader_2.54mm:PinHeader_1x03_P2.54mm_Vertical",""
"32","J5","1","UART","Connector_PinHeader_2.54mm:PinHeader_1x03_P2.54mm_Vertical",""
"33","J7","1","RF","Connector_PinHeader_2.54mm:PinHeader_1x02_P2.54mm_Vertical",""
"34","J10","1","CP/PE","Connector_PinHeader_2.54mm:PinHeader_1x02_P2.54mm_Vertical",""
"35","J16","1","uC_NRST","Connector_PinHeader_2.54mm:PinHeader_1x01_P2.54mm_Vertical",""
"36","J17","1","3V3_uC","Connector_PinHeader_2.54mm:PinHeader_1x01_P2.54mm_Vertical",""
"37","J18","1","SWO","Connector_PinHeader_2.54mm:PinHeader_1x01_P2.54mm_Vertical",""
"38","J20","1","DTM1312PA12PBR008","DTM1312PA12PBR008:TE_DTM1312PA12PBR008",""
"39","JP1","1","EN_LOW","Jumper:SolderJumper-2_P1.3mm_Open_TrianglePad1.0x1.5mm",""
"40","JP2","1","EN_HIGH","Jumper:SolderJumper-2_P1.3mm_Open_TrianglePad1.0x1.5mm",""
"41","L1, L8","2","270nH","Inductor_SMD:L_1206_3216Metric_Pad1.22x1.90mm_HandSolder",""
"42","L2, L9, L10, L12","4","Bead 600","Inductor_SMD:L_0805_2012Metric_Pad1.15x1.40mm_HandSolder",""
"43","L3, L4, L5, L6, L7","5","1.8uH","Inductor_SMD:L_1206_3216Metric_Pad1.22x1.90mm_HandSolder",""
"44","L11","1","4.7uH","Inductor_SMD:L_1812_4532Metric_Pad1.30x3.40mm_HandSolder",""
"45","L13","1","10uH","Inductor_SMD:L_Wuerth_WE-PD-Typ-LS_Handsoldering",""
"46","PB5, PB6, PB12, PB13, TP8, TP9, TP10, TP11, TP12, TP13, TP14, TP20, TP23, TP24, TP26, TP27, TP28, TP29, TP30, TP31, TP38","21","~","TestPoint:TestPoint_THTPad_D1.0mm_Drill0.5mm",""
"47","Q1","1","BC846","Package_TO_SOT_SMD:SOT-23",""
"48","Q2, Q3","2","NCV8402xST","Package_TO_SOT_SMD:SOT-223",""
"49","Q4, Q5, Q6","3","DTA143Z","Package_TO_SOT_SMD:SOT-23",""
"50","Q7, Q8, Q9","3","DTC114E","Package_TO_SOT_SMD:SOT-23",""
"51","R1, R2","2","22","Resistor_SMD:R_1206_3216Metric_Pad1.30x1.75mm_HandSolder",""
"52","R3, R4","2","3.3K","Resistor_SMD:R_1206_3216Metric_Pad1.30x1.75mm_HandSolder",""
"53","R5, R15","2","33","Resistor_SMD:R_1206_3216Metric_Pad1.30x1.75mm_HandSolder",""
"54","R6","1","6k2","Resistor_SMD:R_1206_3216Metric_Pad1.30x1.75mm_HandSolder",""
"55","R7, R10, R28, R29, R30, R31, R33, R35, R49, R52, R54","11","10k","Resistor_SMD:R_1206_3216Metric_Pad1.30x1.75mm_HandSolder",""
"56","R8, R44","2","100","Resistor_SMD:R_1206_3216Metric_Pad1.30x1.75mm_HandSolder",""
"57","R9","1","2.5k","Resistor_SMD:R_1206_3216Metric_Pad1.30x1.75mm_HandSolder",""
"58","R11, R12, R13, R14, R21, R22, R45, R46, R47","9","220","Resistor_SMD:R_1206_3216Metric_Pad1.30x1.75mm_HandSolder",""
"59","R16, R17, R18, R19, R20, R37, R48, R56","8","1k","Resistor_SMD:R_1206_3216Metric_Pad1.30x1.75mm_HandSolder",""
"60","R23","1","100k","Resistor_SMD:R_1206_3216Metric_Pad1.30x1.75mm_HandSolder",""
"61","R24","1","33k","Resistor_SMD:R_1206_3216Metric_Pad1.30x1.75mm_HandSolder",""
"62","R25","1","180","Resistor_SMD:R_1206_3216Metric_Pad1.30x1.75mm_HandSolder",""
"63","R26, R51","2","2k7","Resistor_SMD:R_1206_3216Metric_Pad1.30x1.75mm_HandSolder",""
"64","R27","1","1k2","Resistor_SMD:R_1206_3216Metric_Pad1.30x1.75mm_HandSolder",""
"65","R32, R34, R36, R41, R53, R55, R57","7","47k","Resistor_SMD:R_1206_3216Metric_Pad1.30x1.75mm_HandSolder",""
"66","R38, R42","2","22k","Resistor_SMD:R_1206_3216Metric_Pad1.30x1.75mm_HandSolder",""
"67","R39, R40","2","240","Resistor_SMD:R_1206_3216Metric_Pad1.30x1.75mm_HandSolder",""
"68","R43","1","0","Resistor_SMD:R_1206_3216Metric_Pad1.30x1.75mm_HandSolder",""
"69","R50","1","560","Resistor_SMD:R_1206_3216Metric_Pad1.30x1.75mm_HandSolder",""
"70","TP1","1","1V2","TestPoint:TestPoint_Pad_D1.0mm",""
"71","TP2","1","FL_MOSI","speciallib:TestPoint_Special_THTPad_D1.9mm_Drill1mm",""
"72","TP3","1","FL_CLK","speciallib:TestPoint_Special_THTPad_D1.9mm_Drill1mm",""
"73","TP3V3uC1","1","TP3V3uC","TestPoint:TestPoint_THTPad_D1.0mm_Drill0.5mm",""
"74","TP4","1","FL_CS","speciallib:TestPoint_Special_THTPad_D1.9mm_Drill1mm",""
"75","TP5","1","FL_MISO","speciallib:TestPoint_Special_THTPad_D1.9mm_Drill1mm",""
"76","TP5V1","1","TP5V","TestPoint:TestPoint_THTPad_D1.0mm_Drill0.5mm",""
"77","TP6, TP15, TP25, TP32, TP33, TP34, TP35, TP36, TP37, TP41, TP42, TP43, TP44, TP45, TP46, TP47, TP48, TP49, TP50, TP51, TP52, TP53, TP54, TP55, TP56, TP57, TP58, TP59, TP60","29","TestPoint","speciallib:TestPoint_Special_THTPad_D1.9mm_Drill1mm",""
"78","TP39","1","FL_GND","speciallib:TestPoint_Special_THTPad_D1.9mm_Drill1mm",""
"79","TP40","1","FL_RES","speciallib:TestPoint_Special_THTPad_D1.9mm_Drill1mm",""
"80","U1","1","25Q16","Package_SO:SOP-8_5.28x5.23mm_P1.27mm",""
"81","U2","1","SN65HVD234","Package_SO:SOIC-8_3.9x4.9mm_P1.27mm",""
"82","U3","1","STM32F103RETx","Package_QFP:LQFP-64_10x10mm_P0.5mm",""
"83","U4","1","TPS54302","Package_TO_SOT_SMD:SOT-23-6",""
"84","U6","1","AMS1117-3.3","Package_TO_SOT_SMD:SOT-223-3_TabPin2",""
"85","U7","1","74HCT04","Package_SO:SO-14_3.9x8.65mm_P1.27mm",""
"86","U8","1","EEC-325X4B","EEC-325X4B:TE_EEC-325X4B",""
"87","Y1","1","25MHz","Crystal:Crystal_SMD_TXC_7M-4Pin_3.2x2.5mm",""
"88","Y2","1","8MHz","Crystal:Crystal_SMD_TXC_7M-4Pin_3.2x2.5mm",""
